{
  "Tasks": [
    {
      "id": 1,
      "taskName": "sagar",
      "complete": true
    },
    {
      "id": 2,
      "taskName": "shah ji",
      "complete": true
    },
    {
      "id": 3,
      "taskName": "singh ji",
      "complete": true
    },
    {
      "id": 4,
      "taskName": "verma ji",
      "complete": true
    },
    {
      "complete": false,
      "taskName": "dsadasd",
      "id": 5
    },
    {
      "complete": false,
      "taskName": "dsadsadas",
      "id": 6
    },
    {
      "complete": false,
      "taskName": "sdfgh",
      "id": 7
    },
    {
      "complete": false,
      "taskName": "sdftgy",
      "id": 8
    },
    {
      "complete": false,
      "taskName": "kug",
      "id": 9
    },
    {
      "complete": false,
      "taskName": "rtt",
      "id": 10
    }
  ]
}